{
  "$schema": "https://schema.management.azure.com/schemas/2019-04-01/deploymentTemplate.json#",
  "contentVersion": "1.0.0.0",
  "metadata": {
    "author": "Lookout",
    "comments": "Solution template for Lookout Cloud Security Platform for Microsoft Sentinel"
  },
  "parameters": {
    "location": {
      "type": "string",
      "minLength": 1,
      "defaultValue": "[resourceGroup().location]",
      "metadata": {
        "description": "Not used, but needed to pass arm-ttk test `Location-Should-Not-Be-Hardcoded`.  We instead use the `workspace-location` which is derived from the LA workspace"
      }
    },
    "workspace-location": {
      "type": "string",
      "defaultValue": "",
      "metadata": {
        "description": "[concat('Region to deploy solution resources -- separate from location selection',parameters('location'))]"
      }
    },
    "workspace": {
      "defaultValue": "",
      "type": "string",
      "metadata": {
        "description": "Workspace name for Log Analytics where Microsoft Sentinel is setup"
      }
    }
  },
  "variables": {
    "_solutionName": "Lookout Cloud Security Platform for Microsoft Sentinel",
    "_solutionVersion": "3.1.0",
    "solutionId": "lookoutinc.lookout_cloudsecurity_sentinel",
    "_solutionId": "[variables('solutionId')]",
    "uiConfigId1": "LookoutCloudSecurityDataConnector",
    "_uiConfigId1": "[variables('uiConfigId1')]",
    "dataConnectorContentId1": "LookoutCloudSecurityDataConnector",
    "_dataConnectorContentId1": "[variables('dataConnectorContentId1')]",
    "dataConnectorId1": "[extensionResourceId(resourceId('Microsoft.OperationalInsights/workspaces', parameters('workspace')), 'Microsoft.SecurityInsights/dataConnectors', variables('_dataConnectorContentId1'))]",
    "_dataConnectorId1": "[variables('dataConnectorId1')]",
    "dataConnectorTemplateSpecName1": "[concat(parameters('workspace'),'/Microsoft.SecurityInsights/',concat(parameters('workspace'),'-dc-',uniquestring(variables('_dataConnectorContentId1'))))]",
    "dataConnectorVersion1": "1.0.0",
    "_dataConnectorcontentProductId1": "[concat(take(variables('_solutionId'),50),'-','dc','-', uniqueString(concat(variables('_solutionId'),'-','DataConnector','-',variables('_dataConnectorContentId1'),'-', variables('dataConnectorVersion1'))))]",
    "parserObject1": {
      "_parserName1": "[concat(parameters('workspace'),'/','LookoutCSActivities')]",
      "_parserId1": "[resourceId('Microsoft.OperationalInsights/workspaces/savedSearches', parameters('workspace'), 'LookoutCSActivities')]",
      "parserTemplateSpecName1": "[concat(parameters('workspace'),'/Microsoft.SecurityInsights/',concat(parameters('workspace'),'-pr-',uniquestring('LookoutCSActivities-Parser')))]",
      "parserVersion1": "1.0.0",
      "parserContentId1": "LookoutCSActivities-Parser"
    },
    "parserObject2": {
      "_parserName2": "[concat(parameters('workspace'),'/','LookoutCSAnomalies')]",
      "_parserId2": "[resourceId('Microsoft.OperationalInsights/workspaces/savedSearches', parameters('workspace'), 'LookoutCSAnomalies')]",
      "parserTemplateSpecName2": "[concat(parameters('workspace'),'/Microsoft.SecurityInsights/',concat(parameters('workspace'),'-pr-',uniquestring('LookoutCSAnomalies-Parser')))]",
      "parserVersion2": "1.0.0",
      "parserContentId2": "LookoutCSAnomalies-Parser"
    },
    "parserObject3": {
      "_parserName3": "[concat(parameters('workspace'),'/','LookoutCSViolations')]",
      "_parserId3": "[resourceId('Microsoft.OperationalInsights/workspaces/savedSearches', parameters('workspace'), 'LookoutCSViolations')]",
      "parserTemplateSpecName3": "[concat(parameters('workspace'),'/Microsoft.SecurityInsights/',concat(parameters('workspace'),'-pr-',uniquestring('LookoutCSViolations-Parser')))]",
      "parserVersion3": "1.0.0",
      "parserContentId3": "LookoutCSViolations-Parser"
    },
    "_solutioncontentProductId": "[concat(take(variables('_solutionId'),50),'-','sl','-', uniqueString(concat(variables('_solutionId'),'-','Solution','-',variables('_solutionId'),'-', variables('_solutionVersion'))))]"
  },
  "resources": [
    {
      "type": "Microsoft.OperationalInsights/workspaces/providers/contentTemplates",
      "apiVersion": "2023-04-01-preview",
      "name": "[variables('dataConnectorTemplateSpecName1')]",
      "location": "[parameters('workspace-location')]",
      "dependsOn": [
        "[extensionResourceId(resourceId('Microsoft.OperationalInsights/workspaces', parameters('workspace')), 'Microsoft.SecurityInsights/contentPackages', variables('_solutionId'))]"
      ],
      "properties": {
        "description": "Lookout Cloud Security Platform for Microsoft Sentinel data connector with template version 3.1.0",
        "mainTemplate": {
          "$schema": "https://schema.management.azure.com/schemas/2019-04-01/deploymentTemplate.json#",
          "contentVersion": "[variables('dataConnectorVersion1')]",
          "parameters": {},
          "variables": {},
          "resources": [
            {
              "name": "[concat(parameters('workspace'),'/Microsoft.SecurityInsights/',variables('_dataConnectorContentId1'))]",
              "apiVersion": "2021-03-01-preview",
              "type": "Microsoft.OperationalInsights/workspaces/providers/dataConnectors",
              "location": "[parameters('workspace-location')]",
              "kind": "GenericUI",
              "properties": {
                "connectorUiConfig": {
                  "id": "[variables('_uiConfigId1')]",
                  "title": "Lookout Cloud Security for Microsoft Sentinel (using Azure Functions)",
                  "publisher": "Lookout",
                  "descriptionMarkdown": "This connector uses a Agari REST API connection to push data into Microsoft Sentinel Log Analytics.",
                  "graphQueries": [
                    {
                      "metricName": "Lookout Cloud Security logs",
                      "legend": "LookoutCloudSecurity_CL",
                      "baseQuery": "LookoutCloudSecurity_CL"
                    }
                  ],
                  "sampleQueries": [
                    {
                      "description": "All Lookout Cloud Security logs",
                      "query": "LookoutCloudSecurity_CL\n| sort by TimeGenerated desc"
                    }
                  ],
                  "dataTypes": [
                    {
                      "name": "LookoutCloudSecurity_CL",
                      "lastDataReceivedQuery": "LookoutCloudSecurity_CL\n            | summarize Time = max(TimeGenerated)\n            | where isnotempty(Time)"
                    }
                  ],
                  "connectivityCriterias": [
                    {
                      "type": "IsConnectedQuery",
                      "value": [
                        "LookoutCloudSecurity_CL\n            | summarize LastLogReceived = max(TimeGenerated)\n            | project IsConnected = LastLogReceived > ago(1d)"
                      ]
                    }
                  ],
                  "availability": {
                    "status": 1,
                    "isPreview": false
                  },
                  "permissions": {
                    "resourceProvider": [
                      {
                        "provider": "Microsoft.OperationalInsights/workspaces",
                        "permissionsDisplayText": "read and write permissions on the workspace are required.",
                        "providerDisplayName": "Workspace",
                        "scope": "Workspace",
                        "requiredPermissions": {
                          "write": true,
                          "read": true,
                          "delete": true
                        }
                      },
                      {
                        "provider": "Microsoft.OperationalInsights/workspaces/sharedKeys",
                        "permissionsDisplayText": "read permissions to shared keys for the workspace are required. [See the documentation to learn more about workspace keys](https://docs.microsoft.com/azure/azure-monitor/platform/agent-windows#obtain-workspace-id-and-key).",
                        "providerDisplayName": "Keys",
                        "scope": "Workspace",
                        "requiredPermissions": {
                          "action": true
                        }
                      }
                    ],
                    "customs": [
                      {
                        "name": "Microsoft.Web/sites permissions",
                        "description": "Read and write permissions to Azure Functions to create a Function App is required. [See the documentation to learn more about Azure Functions](https://docs.microsoft.com/azure/azure-functions/)."
                      }
                    ]
                  },
                  "instructionSteps": [
                    {
                      "description": ">**NOTE:** This connector uses Azure Functions to connect to the Agari REST API to pull logs into Microsoft Sentinel. This might result in additional data ingestion costs. Check the [Azure Functions pricing page](https://azure.microsoft.com/pricing/details/functions/) for details."
                    },
                    {
                      "description": ">**(Optional Step)** Securely store workspace and API authorization key(s) or token(s) in Azure Key Vault. Azure Key Vault provides a secure mechanism to store and retrieve key values. [Follow these instructions](https://docs.microsoft.com/azure/app-service/app-service-key-vault-references) to use Azure Key Vault with an Azure Function App."
                    },
                    {
                      "description": "**Step-by-Step Instructions**\n\n As a prerequisite to this integration, first, you need to configure an API client on Lookout's Management Console.  From the Management Console, you can add one or more clients and configure the appropriate permissions and actions for each. \n\n 1. Name - The name given to this client. \n\n 2. Client ID - the unique ID that was provided for this client. \n\n 3. Permissions - The permissions enabled for this client. The permissions you check are those that the client will be allowed to access. The listed options are Activity, Violation, Anomaly, Insights, and Profile \n\n 4. Service URL - The URL used to access this client.It must start with https:// \n\n 5. Authorized IPs - The valid IP address or addresses that apply to this client. \n\n 6. Actions - The actions you can take for this client. Click the icon for the action you want to perform. Editing client information, displaying the client secret, or deleting the client. \n\n **To add a new API client:** \n\n    1. Go to Administration > Enterprise Integration > API Clients and click New. \n\n     2. Enter a Name (required) and a Description (optional). \n\n     3. Enter the Client ID that was provided to you. \n\n     4. Select one or more Permissions from the dropdown list. \n\n     5. Enter one or more Authorized IP addresses for this client. Separate each address with a comma.\n\n     6. Click Save. \n\n When prompted, copy the string for the client's secret. You will need this information (along with the client ID) to authenticate to the API gateway. "
                    },
                    {
                      "description": "**STEP 2 - Choose ONE from the following two deployment options to deploy the connector and the associated Azure Function**\n\n>**IMPORTANT:** Before deploying the data connector, have the Workspace ID and Workspace Primary Key (can be copied from the following), as well as Azure Blob Storage connection string and container name, readily available.",
                      "instructions": [
                        {
                          "parameters": {
                            "fillWith": [
                              "WorkspaceId"
                            ],
                            "label": "Workspace ID"
                          },
                          "type": "CopyableLabel"
                        },
                        {
                          "parameters": {
                            "fillWith": [
                              "PrimaryKey"
                            ],
                            "label": "Primary Key"
                          },
                          "type": "CopyableLabel"
                        }
                      ]
                    },
                    {
                      "description": "Use this method for automated deployment of the data connector using an ARM Tempate.\n\n1. Click the **Deploy to Azure** button below. \n\n\t[![Deploy To Azure](https://aka.ms/deploytoazurebutton)](https://aka.ms/sentinel-LookoutCS-azuredeploy)\n2. Select the preferred **Subscription**, **Resource Group** and **Location**. \n3. Enter the **Lookout Client ID**, **Lookout Client Secret**, **Lookout Base url**, **Microsoft Sentinel Workspace Id**, **Microsoft Sentinel Shared Key**\n4. Mark the checkbox labeled **I agree to the terms and conditions stated above**.\n5. Click **Purchase** to deploy.",
                      "title": "Option 1 - Azure Resource Manager (ARM) Template"
                    },
                    {
                      "description": "Use the following step-by-step instructions to deploy the data connector manually with Azure Functions (Deployment via Visual Studio Code).",
                      "title": "Option 2 - Manual Deployment of Azure Functions"
                    },
                    {
                      "description": "**1. Deploy a Function App**\n\n> **NOTE:** You will need to [prepare VS code](https://docs.microsoft.com/azure/azure-functions/create-first-function-vs-code-python) for Azure function development.\n\n1. Download the [Azure Function App](https://aka.ms/sentinel-Lookout-functionapp) file. Extract archive to your local development computer.\n2. Start VS Code. Choose File in the main menu and select Open Folder.\n3. Select the top level folder from extracted files.\n4. Choose the Azure icon in the Activity bar, then in the **Azure: Functions** area, choose the **Deploy to function app** button.\nIf you aren't already signed in, choose the Azure icon in the Activity bar, then in the **Azure: Functions** area, choose **Sign in to Azure**\nIf you're already signed in, go to the next step.\n5. Provide the following information at the prompts:\n\n\ta. **Select folder:** Choose a folder from your workspace or browse to one that contains your function app.\n\n\tb. **Select Subscription:** Choose the subscription to use.\n\n\tc. Select **Create new Function App in Azure** (Don't choose the Advanced option)\n\n\td. **Enter a globally unique name for the function app:** Type a name that is valid in a URL path. The name you type is validated to make sure that it's unique in Azure Functions.\n\n\te. **Select a runtime:** Choose Python 3.8.\n\n\tf. Select a location for new resources. For better performance and lower costs choose the same [region](https://azure.microsoft.com/regions/) where Microsoft Sentinel is located.\n\n6. Deployment will begin. A notification is displayed after your function app is created and the deployment package is applied.\n7. Go to Azure Portal for the Function App configuration."
                    },
                    {
                      "description": "**2. Configure the Function App**\n\n1. In the Function App, select the Function App Name and select **Configuration**.\n2. In the **Application settings** tab, select **+ New application setting**.\n3. Add each of the following application settings individually, with their respective string values (case-sensitive): \n\t\tLookoutClientId\n\t\tLookoutApiSecret\n\t\tBaseurl\n\t\tWorkspaceID\n\t\tPrimaryKey\n\t\tlogAnalyticsUri (Optional)\n - Use logAnalyticsUri to override the log analytics API endpoint for dedicated cloud. For example, for public cloud, leave the value empty; for Azure GovUS cloud environment, specify the value in the following format: `https://WORKSPACE_ID.ods.opinsights.azure.us`. \n4. Once all application settings have been entered, click **Save**."
                    }
                  ]
                }
              }
            },
            {
              "type": "Microsoft.OperationalInsights/workspaces/providers/metadata",
              "apiVersion": "2023-04-01-preview",
              "name": "[concat(parameters('workspace'),'/Microsoft.SecurityInsights/',concat('DataConnector-', last(split(variables('_dataConnectorId1'),'/'))))]",
              "properties": {
                "parentId": "[extensionResourceId(resourceId('Microsoft.OperationalInsights/workspaces', parameters('workspace')), 'Microsoft.SecurityInsights/dataConnectors', variables('_dataConnectorContentId1'))]",
                "contentId": "[variables('_dataConnectorContentId1')]",
                "kind": "DataConnector",
                "version": "[variables('dataConnectorVersion1')]",
                "source": {
                  "kind": "Solution",
                  "name": "Lookout Cloud Security Platform for Microsoft Sentinel",
                  "sourceId": "[variables('_solutionId')]"
                },
                "author": {
                  "name": "Lookout"
                },
                "support": {
                  "name": "Lookout",
                  "tier": "Partner",
                  "link": "https://www.lookout.com/support"
                }
              }
            }
          ]
        },
        "packageKind": "Solution",
        "packageVersion": "[variables('_solutionVersion')]",
        "packageName": "[variables('_solutionName')]",
        "packageId": "[variables('_solutionId')]",
        "contentSchemaVersion": "3.0.0",
        "contentId": "[variables('_dataConnectorContentId1')]",
        "contentKind": "DataConnector",
        "displayName": "Lookout Cloud Security for Microsoft Sentinel (using Azure Functions)",
        "contentProductId": "[variables('_dataConnectorcontentProductId1')]",
        "id": "[variables('_dataConnectorcontentProductId1')]",
        "version": "[variables('dataConnectorVersion1')]"
      }
    },
    {
      "type": "Microsoft.OperationalInsights/workspaces/providers/metadata",
      "apiVersion": "2023-04-01-preview",
      "name": "[concat(parameters('workspace'),'/Microsoft.SecurityInsights/',concat('DataConnector-', last(split(variables('_dataConnectorId1'),'/'))))]",
      "dependsOn": [
        "[variables('_dataConnectorId1')]"
      ],
      "location": "[parameters('workspace-location')]",
      "properties": {
        "parentId": "[extensionResourceId(resourceId('Microsoft.OperationalInsights/workspaces', parameters('workspace')), 'Microsoft.SecurityInsights/dataConnectors', variables('_dataConnectorContentId1'))]",
        "contentId": "[variables('_dataConnectorContentId1')]",
        "kind": "DataConnector",
        "version": "[variables('dataConnectorVersion1')]",
        "source": {
          "kind": "Solution",
          "name": "Lookout Cloud Security Platform for Microsoft Sentinel",
          "sourceId": "[variables('_solutionId')]"
        },
        "author": {
          "name": "Lookout"
        },
        "support": {
          "name": "Lookout",
          "tier": "Partner",
          "link": "https://www.lookout.com/support"
        }
      }
    },
    {
      "name": "[concat(parameters('workspace'),'/Microsoft.SecurityInsights/',variables('_dataConnectorContentId1'))]",
      "apiVersion": "2021-03-01-preview",
      "type": "Microsoft.OperationalInsights/workspaces/providers/dataConnectors",
      "location": "[parameters('workspace-location')]",
      "kind": "GenericUI",
      "properties": {
        "connectorUiConfig": {
          "title": "Lookout Cloud Security for Microsoft Sentinel (using Azure Functions)",
          "publisher": "Lookout",
          "descriptionMarkdown": "This connector uses a Agari REST API connection to push data into Microsoft Sentinel Log Analytics.",
          "graphQueries": [
            {
              "metricName": "Lookout Cloud Security logs",
              "legend": "LookoutCloudSecurity_CL",
              "baseQuery": "LookoutCloudSecurity_CL"
            }
          ],
          "dataTypes": [
            {
              "name": "LookoutCloudSecurity_CL",
              "lastDataReceivedQuery": "LookoutCloudSecurity_CL\n            | summarize Time = max(TimeGenerated)\n            | where isnotempty(Time)"
            }
          ],
          "connectivityCriterias": [
            {
              "type": "IsConnectedQuery",
              "value": [
                "LookoutCloudSecurity_CL\n            | summarize LastLogReceived = max(TimeGenerated)\n            | project IsConnected = LastLogReceived > ago(1d)"
              ]
            }
          ],
          "sampleQueries": [
            {
              "description": "All Lookout Cloud Security logs",
              "query": "LookoutCloudSecurity_CL\n| sort by TimeGenerated desc"
            }
          ],
          "availability": {
            "status": 1,
            "isPreview": false
          },
          "permissions": {
            "resourceProvider": [
              {
                "provider": "Microsoft.OperationalInsights/workspaces",
                "permissionsDisplayText": "read and write permissions on the workspace are required.",
                "providerDisplayName": "Workspace",
                "scope": "Workspace",
                "requiredPermissions": {
                  "write": true,
                  "read": true,
                  "delete": true
                }
              },
              {
                "provider": "Microsoft.OperationalInsights/workspaces/sharedKeys",
                "permissionsDisplayText": "read permissions to shared keys for the workspace are required. [See the documentation to learn more about workspace keys](https://docs.microsoft.com/azure/azure-monitor/platform/agent-windows#obtain-workspace-id-and-key).",
                "providerDisplayName": "Keys",
                "scope": "Workspace",
                "requiredPermissions": {
                  "action": true
                }
              }
            ],
            "customs": [
              {
                "name": "Microsoft.Web/sites permissions",
                "description": "Read and write permissions to Azure Functions to create a Function App is required. [See the documentation to learn more about Azure Functions](https://docs.microsoft.com/azure/azure-functions/)."
              }
            ]
          },
          "instructionSteps": [
            {
              "description": ">**NOTE:** This connector uses Azure Functions to connect to the Agari REST API to pull logs into Microsoft Sentinel. This might result in additional data ingestion costs. Check the [Azure Functions pricing page](https://azure.microsoft.com/pricing/details/functions/) for details."
            },
            {
              "description": ">**(Optional Step)** Securely store workspace and API authorization key(s) or token(s) in Azure Key Vault. Azure Key Vault provides a secure mechanism to store and retrieve key values. [Follow these instructions](https://docs.microsoft.com/azure/app-service/app-service-key-vault-references) to use Azure Key Vault with an Azure Function App."
            },
            {
              "description": "**Step-by-Step Instructions**\n\n As a prerequisite to this integration, first, you need to configure an API client on Lookout's Management Console.  From the Management Console, you can add one or more clients and configure the appropriate permissions and actions for each. \n\n 1. Name - The name given to this client. \n\n 2. Client ID - the unique ID that was provided for this client. \n\n 3. Permissions - The permissions enabled for this client. The permissions you check are those that the client will be allowed to access. The listed options are Activity, Violation, Anomaly, Insights, and Profile \n\n 4. Service URL - The URL used to access this client.It must start with https:// \n\n 5. Authorized IPs - The valid IP address or addresses that apply to this client. \n\n 6. Actions - The actions you can take for this client. Click the icon for the action you want to perform. Editing client information, displaying the client secret, or deleting the client. \n\n **To add a new API client:** \n\n    1. Go to Administration > Enterprise Integration > API Clients and click New. \n\n     2. Enter a Name (required) and a Description (optional). \n\n     3. Enter the Client ID that was provided to you. \n\n     4. Select one or more Permissions from the dropdown list. \n\n     5. Enter one or more Authorized IP addresses for this client. Separate each address with a comma.\n\n     6. Click Save. \n\n When prompted, copy the string for the client's secret. You will need this information (along with the client ID) to authenticate to the API gateway. "
            },
            {
              "description": "**STEP 2 - Choose ONE from the following two deployment options to deploy the connector and the associated Azure Function**\n\n>**IMPORTANT:** Before deploying the data connector, have the Workspace ID and Workspace Primary Key (can be copied from the following), as well as Azure Blob Storage connection string and container name, readily available.",
              "instructions": [
                {
                  "parameters": {
                    "fillWith": [
                      "WorkspaceId"
                    ],
                    "label": "Workspace ID"
                  },
                  "type": "CopyableLabel"
                },
                {
                  "parameters": {
                    "fillWith": [
                      "PrimaryKey"
                    ],
                    "label": "Primary Key"
                  },
                  "type": "CopyableLabel"
                }
              ]
            },
            {
              "description": "Use this method for automated deployment of the data connector using an ARM Tempate.\n\n1. Click the **Deploy to Azure** button below. \n\n\t[![Deploy To Azure](https://aka.ms/deploytoazurebutton)](https://aka.ms/sentinel-LookoutCS-azuredeploy)\n2. Select the preferred **Subscription**, **Resource Group** and **Location**. \n3. Enter the **Lookout Client ID**, **Lookout Client Secret**, **Lookout Base url**, **Microsoft Sentinel Workspace Id**, **Microsoft Sentinel Shared Key**\n4. Mark the checkbox labeled **I agree to the terms and conditions stated above**.\n5. Click **Purchase** to deploy.",
              "title": "Option 1 - Azure Resource Manager (ARM) Template"
            },
            {
              "description": "Use the following step-by-step instructions to deploy the data connector manually with Azure Functions (Deployment via Visual Studio Code).",
              "title": "Option 2 - Manual Deployment of Azure Functions"
            },
            {
              "description": "**1. Deploy a Function App**\n\n> **NOTE:** You will need to [prepare VS code](https://docs.microsoft.com/azure/azure-functions/create-first-function-vs-code-python) for Azure function development.\n\n1. Download the [Azure Function App](https://aka.ms/sentinel-Lookout-functionapp) file. Extract archive to your local development computer.\n2. Start VS Code. Choose File in the main menu and select Open Folder.\n3. Select the top level folder from extracted files.\n4. Choose the Azure icon in the Activity bar, then in the **Azure: Functions** area, choose the **Deploy to function app** button.\nIf you aren't already signed in, choose the Azure icon in the Activity bar, then in the **Azure: Functions** area, choose **Sign in to Azure**\nIf you're already signed in, go to the next step.\n5. Provide the following information at the prompts:\n\n\ta. **Select folder:** Choose a folder from your workspace or browse to one that contains your function app.\n\n\tb. **Select Subscription:** Choose the subscription to use.\n\n\tc. Select **Create new Function App in Azure** (Don't choose the Advanced option)\n\n\td. **Enter a globally unique name for the function app:** Type a name that is valid in a URL path. The name you type is validated to make sure that it's unique in Azure Functions.\n\n\te. **Select a runtime:** Choose Python 3.8.\n\n\tf. Select a location for new resources. For better performance and lower costs choose the same [region](https://azure.microsoft.com/regions/) where Microsoft Sentinel is located.\n\n6. Deployment will begin. A notification is displayed after your function app is created and the deployment package is applied.\n7. Go to Azure Portal for the Function App configuration."
            },
            {
              "description": "**2. Configure the Function App**\n\n1. In the Function App, select the Function App Name and select **Configuration**.\n2. In the **Application settings** tab, select **+ New application setting**.\n3. Add each of the following application settings individually, with their respective string values (case-sensitive): \n\t\tLookoutClientId\n\t\tLookoutApiSecret\n\t\tBaseurl\n\t\tWorkspaceID\n\t\tPrimaryKey\n\t\tlogAnalyticsUri (Optional)\n - Use logAnalyticsUri to override the log analytics API endpoint for dedicated cloud. For example, for public cloud, leave the value empty; for Azure GovUS cloud environment, specify the value in the following format: `https://WORKSPACE_ID.ods.opinsights.azure.us`. \n4. Once all application settings have been entered, click **Save**."
            }
          ],
          "id": "[variables('_uiConfigId1')]"
        }
      }
    },
    {
      "type": "Microsoft.OperationalInsights/workspaces/providers/contentTemplates",
      "apiVersion": "2023-04-01-preview",
      "name": "[variables('parserObject1').parserTemplateSpecName1]",
      "location": "[parameters('workspace-location')]",
      "dependsOn": [
        "[extensionResourceId(resourceId('Microsoft.OperationalInsights/workspaces', parameters('workspace')), 'Microsoft.SecurityInsights/contentPackages', variables('_solutionId'))]"
      ],
      "properties": {
        "description": "LookoutCSActivities Data Parser with template version 3.1.0",
        "mainTemplate": {
          "$schema": "https://schema.management.azure.com/schemas/2019-04-01/deploymentTemplate.json#",
          "contentVersion": "[variables('parserObject1').parserVersion1]",
          "parameters": {},
          "variables": {},
          "resources": [
            {
              "name": "[variables('parserObject1')._parserName1]",
              "apiVersion": "2022-10-01",
              "type": "Microsoft.OperationalInsights/workspaces/savedSearches",
              "location": "[parameters('workspace-location')]",
              "properties": {
                "eTag": "*",
                "displayName": "Parser for LookoutCSActivities",
                "category": "Microsoft Sentinel Parser",
                "functionAlias": "LookoutCSActivities",
                "query": "LookoutCloudSecurity_CL\n| extend timeStamp = timeStamp_t\n| extend eventType = eventType_s\n| extend actionType = actionType_s\n| extend activityType = activityType_s\n| extend appName = appName_s\n| extend contentName = column_ifexists('contentName_s','')\n| extend contentUrl = column_ifexists('contentUrl_s', '')\n| extend eventId = eventId_g\n| where eventType == 'Activity'\n| project\n    timeStamp,\n    eventType,\n    actionType,\n    activityType,\n    appName,\n    contentName,\n    contentUrl,\n    eventId\n",
                "functionParameters": "",
                "version": 2,
                "tags": [
                  {
                    "name": "description",
                    "value": ""
                  }
                ]
              }
            },
            {
              "type": "Microsoft.OperationalInsights/workspaces/providers/metadata",
              "apiVersion": "2022-01-01-preview",
              "name": "[concat(parameters('workspace'),'/Microsoft.SecurityInsights/',concat('Parser-', last(split(variables('parserObject1')._parserId1,'/'))))]",
              "dependsOn": [
                "[variables('parserObject1')._parserId1]"
              ],
              "properties": {
                "parentId": "[resourceId('Microsoft.OperationalInsights/workspaces/savedSearches', parameters('workspace'), 'Parser for LookoutCSActivities')]",
                "contentId": "[variables('parserObject1').parserContentId1]",
                "kind": "Parser",
                "version": "[variables('parserObject1').parserVersion1]",
                "source": {
                  "name": "Lookout Cloud Security Platform for Microsoft Sentinel",
                  "kind": "Solution",
                  "sourceId": "[variables('_solutionId')]"
                },
                "author": {
                  "name": "Lookout"
                },
                "support": {
                  "name": "Lookout",
                  "tier": "Partner",
                  "link": "https://www.lookout.com/support"
                }
              }
            }
          ]
        },
        "packageKind": "Solution",
        "packageVersion": "[variables('_solutionVersion')]",
        "packageName": "[variables('_solutionName')]",
        "packageId": "[variables('_solutionId')]",
        "contentSchemaVersion": "3.0.0",
        "contentId": "[variables('parserObject1').parserContentId1]",
        "contentKind": "Parser",
        "displayName": "Parser for LookoutCSActivities",
        "contentProductId": "[concat(take(variables('_solutionId'),50),'-','pr','-', uniqueString(concat(variables('_solutionId'),'-','Parser','-',variables('parserObject1').parserContentId1,'-', '1.0.0')))]",
        "id": "[concat(take(variables('_solutionId'),50),'-','pr','-', uniqueString(concat(variables('_solutionId'),'-','Parser','-',variables('parserObject1').parserContentId1,'-', '1.0.0')))]",
        "version": "[variables('parserObject1').parserVersion1]"
      }
    },
    {
      "type": "Microsoft.OperationalInsights/workspaces/savedSearches",
      "apiVersion": "2022-10-01",
      "name": "[variables('parserObject1')._parserName1]",
      "location": "[parameters('workspace-location')]",
      "properties": {
        "eTag": "*",
        "displayName": "Parser for LookoutCSActivities",
        "category": "Microsoft Sentinel Parser",
        "functionAlias": "LookoutCSActivities",
        "query": "LookoutCloudSecurity_CL\n| extend timeStamp = timeStamp_t\n| extend eventType = eventType_s\n| extend actionType = actionType_s\n| extend activityType = activityType_s\n| extend appName = appName_s\n| extend contentName = column_ifexists('contentName_s','')\n| extend contentUrl = column_ifexists('contentUrl_s', '')\n| extend eventId = eventId_g\n| where eventType == 'Activity'\n| project\n    timeStamp,\n    eventType,\n    actionType,\n    activityType,\n    appName,\n    contentName,\n    contentUrl,\n    eventId\n",
        "functionParameters": "",
        "version": 2,
        "tags": [
          {
            "name": "description",
            "value": ""
          }
        ]
      }
    },
    {
      "type": "Microsoft.OperationalInsights/workspaces/providers/metadata",
      "apiVersion": "2022-01-01-preview",
      "location": "[parameters('workspace-location')]",
      "name": "[concat(parameters('workspace'),'/Microsoft.SecurityInsights/',concat('Parser-', last(split(variables('parserObject1')._parserId1,'/'))))]",
      "dependsOn": [
        "[variables('parserObject1')._parserId1]"
      ],
      "properties": {
        "parentId": "[resourceId('Microsoft.OperationalInsights/workspaces/savedSearches', parameters('workspace'), 'Parser for LookoutCSActivities')]",
        "contentId": "[variables('parserObject1').parserContentId1]",
        "kind": "Parser",
        "version": "[variables('parserObject1').parserVersion1]",
        "source": {
          "kind": "Solution",
          "name": "Lookout Cloud Security Platform for Microsoft Sentinel",
          "sourceId": "[variables('_solutionId')]"
        },
        "author": {
          "name": "Lookout"
        },
        "support": {
          "name": "Lookout",
          "tier": "Partner",
          "link": "https://www.lookout.com/support"
        }
      }
    },
    {
      "type": "Microsoft.OperationalInsights/workspaces/providers/contentTemplates",
      "apiVersion": "2023-04-01-preview",
      "name": "[variables('parserObject2').parserTemplateSpecName2]",
      "location": "[parameters('workspace-location')]",
      "dependsOn": [
        "[extensionResourceId(resourceId('Microsoft.OperationalInsights/workspaces', parameters('workspace')), 'Microsoft.SecurityInsights/contentPackages', variables('_solutionId'))]"
      ],
      "properties": {
        "description": "LookoutCSAnomalies Data Parser with template version 3.1.0",
        "mainTemplate": {
          "$schema": "https://schema.management.azure.com/schemas/2019-04-01/deploymentTemplate.json#",
          "contentVersion": "[variables('parserObject2').parserVersion2]",
          "parameters": {},
          "variables": {},
          "resources": [
            {
              "name": "[variables('parserObject2')._parserName2]",
              "apiVersion": "2022-10-01",
              "type": "Microsoft.OperationalInsights/workspaces/savedSearches",
              "location": "[parameters('workspace-location')]",
              "properties": {
                "eTag": "*",
                "displayName": "Parser for LookoutCSAnomalies",
                "category": "Microsoft Sentinel Parser",
                "functionAlias": "LookoutCSAnomalies",
                "query": "LookoutCloudSecurity_CL\n| extend timeStamp = timeStamp_t\n| extend eventType = eventType_s\n| extend actionType = actionType_s\n| extend anomalyType = column_ifexists('anomalyType_s', '')\n| extend appName = appName_s\n| extend userEmail = column_ifexists('userEmail_s','')\n| extend anomalyName = column_ifexists('anomalyName_s', '')\n| extend currentCity = column_ifexists('currentCity_s', '')\n| extend currentTimestamp = column_ifexists('currentTimestamp_t', '')\n| extend previousTimestamp = column_ifexists('previousTimestamp_t', '')\n| extend currentEventId = column_ifexists('currentEventId_g', '')\n| extend previousEventId = column_ifexists('previousEventId_g', '')\n| where eventType == 'Anomaly'\n| project\n    timeStamp,\n    eventType,\n    actionType,\n    anomalyType,\n    appName,\n    userEmail,\n    anomalyName,\n    currentCity,\n    currentTimestamp,\n    previousTimestamp,\n    currentEventId,\n    previousEventId\n",
                "functionParameters": "",
                "version": 2,
                "tags": [
                  {
                    "name": "description",
                    "value": ""
                  }
                ]
              }
            },
            {
              "type": "Microsoft.OperationalInsights/workspaces/providers/metadata",
              "apiVersion": "2022-01-01-preview",
              "name": "[concat(parameters('workspace'),'/Microsoft.SecurityInsights/',concat('Parser-', last(split(variables('parserObject2')._parserId2,'/'))))]",
              "dependsOn": [
                "[variables('parserObject2')._parserId2]"
              ],
              "properties": {
                "parentId": "[resourceId('Microsoft.OperationalInsights/workspaces/savedSearches', parameters('workspace'), 'Parser for LookoutCSAnomalies')]",
                "contentId": "[variables('parserObject2').parserContentId2]",
                "kind": "Parser",
                "version": "[variables('parserObject2').parserVersion2]",
                "source": {
                  "name": "Lookout Cloud Security Platform for Microsoft Sentinel",
                  "kind": "Solution",
                  "sourceId": "[variables('_solutionId')]"
                },
                "author": {
                  "name": "Lookout"
                },
                "support": {
                  "name": "Lookout",
                  "tier": "Partner",
                  "link": "https://www.lookout.com/support"
                }
              }
            }
          ]
        },
        "packageKind": "Solution",
        "packageVersion": "[variables('_solutionVersion')]",
        "packageName": "[variables('_solutionName')]",
        "packageId": "[variables('_solutionId')]",
        "contentSchemaVersion": "3.0.0",
        "contentId": "[variables('parserObject2').parserContentId2]",
        "contentKind": "Parser",
        "displayName": "Parser for LookoutCSAnomalies",
        "contentProductId": "[concat(take(variables('_solutionId'),50),'-','pr','-', uniqueString(concat(variables('_solutionId'),'-','Parser','-',variables('parserObject2').parserContentId2,'-', '1.0.0')))]",
        "id": "[concat(take(variables('_solutionId'),50),'-','pr','-', uniqueString(concat(variables('_solutionId'),'-','Parser','-',variables('parserObject2').parserContentId2,'-', '1.0.0')))]",
        "version": "[variables('parserObject2').parserVersion2]"
      }
    },
    {
      "type": "Microsoft.OperationalInsights/workspaces/savedSearches",
      "apiVersion": "2022-10-01",
      "name": "[variables('parserObject2')._parserName2]",
      "location": "[parameters('workspace-location')]",
      "properties": {
        "eTag": "*",
        "displayName": "Parser for LookoutCSAnomalies",
        "category": "Microsoft Sentinel Parser",
        "functionAlias": "LookoutCSAnomalies",
        "query": "LookoutCloudSecurity_CL\n| extend timeStamp = timeStamp_t\n| extend eventType = eventType_s\n| extend actionType = actionType_s\n| extend anomalyType = column_ifexists('anomalyType_s', '')\n| extend appName = appName_s\n| extend userEmail = column_ifexists('userEmail_s','')\n| extend anomalyName = column_ifexists('anomalyName_s', '')\n| extend currentCity = column_ifexists('currentCity_s', '')\n| extend currentTimestamp = column_ifexists('currentTimestamp_t', '')\n| extend previousTimestamp = column_ifexists('previousTimestamp_t', '')\n| extend currentEventId = column_ifexists('currentEventId_g', '')\n| extend previousEventId = column_ifexists('previousEventId_g', '')\n| where eventType == 'Anomaly'\n| project\n    timeStamp,\n    eventType,\n    actionType,\n    anomalyType,\n    appName,\n    userEmail,\n    anomalyName,\n    currentCity,\n    currentTimestamp,\n    previousTimestamp,\n    currentEventId,\n    previousEventId\n",
        "functionParameters": "",
        "version": 2,
        "tags": [
          {
            "name": "description",
            "value": ""
          }
        ]
      }
    },
    {
      "type": "Microsoft.OperationalInsights/workspaces/providers/metadata",
      "apiVersion": "2022-01-01-preview",
      "location": "[parameters('workspace-location')]",
      "name": "[concat(parameters('workspace'),'/Microsoft.SecurityInsights/',concat('Parser-', last(split(variables('parserObject2')._parserId2,'/'))))]",
      "dependsOn": [
        "[variables('parserObject2')._parserId2]"
      ],
      "properties": {
        "parentId": "[resourceId('Microsoft.OperationalInsights/workspaces/savedSearches', parameters('workspace'), 'Parser for LookoutCSAnomalies')]",
        "contentId": "[variables('parserObject2').parserContentId2]",
        "kind": "Parser",
        "version": "[variables('parserObject2').parserVersion2]",
        "source": {
          "kind": "Solution",
          "name": "Lookout Cloud Security Platform for Microsoft Sentinel",
          "sourceId": "[variables('_solutionId')]"
        },
        "author": {
          "name": "Lookout"
        },
        "support": {
          "name": "Lookout",
          "tier": "Partner",
          "link": "https://www.lookout.com/support"
        }
      }
    },
    {
      "type": "Microsoft.OperationalInsights/workspaces/providers/contentTemplates",
      "apiVersion": "2023-04-01-preview",
      "name": "[variables('parserObject3').parserTemplateSpecName3]",
      "location": "[parameters('workspace-location')]",
      "dependsOn": [
        "[extensionResourceId(resourceId('Microsoft.OperationalInsights/workspaces', parameters('workspace')), 'Microsoft.SecurityInsights/contentPackages', variables('_solutionId'))]"
      ],
      "properties": {
        "description": "LookoutCSViolations Data Parser with template version 3.1.0",
        "mainTemplate": {
          "$schema": "https://schema.management.azure.com/schemas/2019-04-01/deploymentTemplate.json#",
          "contentVersion": "[variables('parserObject3').parserVersion3]",
          "parameters": {},
          "variables": {},
          "resources": [
            {
              "name": "[variables('parserObject3')._parserName3]",
              "apiVersion": "2022-10-01",
              "type": "Microsoft.OperationalInsights/workspaces/savedSearches",
              "location": "[parameters('workspace-location')]",
              "properties": {
                "eTag": "*",
                "displayName": "Parser for LookoutCSViolations",
                "category": "Microsoft Sentinel Parser",
                "functionAlias": "LookoutCSViolations",
                "query": "LookoutCloudSecurity_CL\n| extend timeStamp = timeStamp_t\n| extend eventType = eventType_s\n| extend actionType = actionType_s\n| extend activityType = activityType_s\n| extend appName = appName_s\n| extend cloudType = column_ifexists('cloudType_s','')\n| extend contentName = column_ifexists('contentName_s','')\n| extend contentUrl = column_ifexists('contentUrl_s', '')\n| extend eventId = eventId_g\n| extend externalCollaborators = column_ifexists('externalCollaborators_s', '')\n| extend policyName = column_ifexists('policyName_s','')\n| extend scanType = column_ifexists('scanType_s', '')\n| extend userEmail = column_ifexists('userEmail_s','')\n| extend violation = column_ifexists('violation_s','')\n| where eventType == 'Violation'\n| project timeStamp,\n    eventType, \n    actionType,\n    activityType, \n    appName,\n    cloudType,\n    contentName,\n    contentUrl, \n    eventId,\n    externalCollaborators, \n    policyName,\n    scanType,\n    userEmail, \n    violation\n",
                "functionParameters": "",
                "version": 2,
                "tags": [
                  {
                    "name": "description",
                    "value": ""
                  }
                ]
              }
            },
            {
              "type": "Microsoft.OperationalInsights/workspaces/providers/metadata",
              "apiVersion": "2022-01-01-preview",
              "name": "[concat(parameters('workspace'),'/Microsoft.SecurityInsights/',concat('Parser-', last(split(variables('parserObject3')._parserId3,'/'))))]",
              "dependsOn": [
                "[variables('parserObject3')._parserId3]"
              ],
              "properties": {
                "parentId": "[resourceId('Microsoft.OperationalInsights/workspaces/savedSearches', parameters('workspace'), 'Parser for LookoutCSViolations')]",
                "contentId": "[variables('parserObject3').parserContentId3]",
                "kind": "Parser",
                "version": "[variables('parserObject3').parserVersion3]",
                "source": {
                  "name": "Lookout Cloud Security Platform for Microsoft Sentinel",
                  "kind": "Solution",
                  "sourceId": "[variables('_solutionId')]"
                },
                "author": {
                  "name": "Lookout"
                },
                "support": {
                  "name": "Lookout",
                  "tier": "Partner",
                  "link": "https://www.lookout.com/support"
                }
              }
            }
          ]
        },
        "packageKind": "Solution",
        "packageVersion": "[variables('_solutionVersion')]",
        "packageName": "[variables('_solutionName')]",
        "packageId": "[variables('_solutionId')]",
        "contentSchemaVersion": "3.0.0",
        "contentId": "[variables('parserObject3').parserContentId3]",
        "contentKind": "Parser",
        "displayName": "Parser for LookoutCSViolations",
        "contentProductId": "[concat(take(variables('_solutionId'),50),'-','pr','-', uniqueString(concat(variables('_solutionId'),'-','Parser','-',variables('parserObject3').parserContentId3,'-', '1.0.0')))]",
        "id": "[concat(take(variables('_solutionId'),50),'-','pr','-', uniqueString(concat(variables('_solutionId'),'-','Parser','-',variables('parserObject3').parserContentId3,'-', '1.0.0')))]",
        "version": "[variables('parserObject3').parserVersion3]"
      }
    },
    {
      "type": "Microsoft.OperationalInsights/workspaces/savedSearches",
      "apiVersion": "2022-10-01",
      "name": "[variables('parserObject3')._parserName3]",
      "location": "[parameters('workspace-location')]",
      "properties": {
        "eTag": "*",
        "displayName": "Parser for LookoutCSViolations",
        "category": "Microsoft Sentinel Parser",
        "functionAlias": "LookoutCSViolations",
        "query": "LookoutCloudSecurity_CL\n| extend timeStamp = timeStamp_t\n| extend eventType = eventType_s\n| extend actionType = actionType_s\n| extend activityType = activityType_s\n| extend appName = appName_s\n| extend cloudType = column_ifexists('cloudType_s','')\n| extend contentName = column_ifexists('contentName_s','')\n| extend contentUrl = column_ifexists('contentUrl_s', '')\n| extend eventId = eventId_g\n| extend externalCollaborators = column_ifexists('externalCollaborators_s', '')\n| extend policyName = column_ifexists('policyName_s','')\n| extend scanType = column_ifexists('scanType_s', '')\n| extend userEmail = column_ifexists('userEmail_s','')\n| extend violation = column_ifexists('violation_s','')\n| where eventType == 'Violation'\n| project timeStamp,\n    eventType, \n    actionType,\n    activityType, \n    appName,\n    cloudType,\n    contentName,\n    contentUrl, \n    eventId,\n    externalCollaborators, \n    policyName,\n    scanType,\n    userEmail, \n    violation\n",
        "functionParameters": "",
        "version": 2,
        "tags": [
          {
            "name": "description",
            "value": ""
          }
        ]
      }
    },
    {
      "type": "Microsoft.OperationalInsights/workspaces/providers/metadata",
      "apiVersion": "2022-01-01-preview",
      "location": "[parameters('workspace-location')]",
      "name": "[concat(parameters('workspace'),'/Microsoft.SecurityInsights/',concat('Parser-', last(split(variables('parserObject3')._parserId3,'/'))))]",
      "dependsOn": [
        "[variables('parserObject3')._parserId3]"
      ],
      "properties": {
        "parentId": "[resourceId('Microsoft.OperationalInsights/workspaces/savedSearches', parameters('workspace'), 'Parser for LookoutCSViolations')]",
        "contentId": "[variables('parserObject3').parserContentId3]",
        "kind": "Parser",
        "version": "[variables('parserObject3').parserVersion3]",
        "source": {
          "kind": "Solution",
          "name": "Lookout Cloud Security Platform for Microsoft Sentinel",
          "sourceId": "[variables('_solutionId')]"
        },
        "author": {
          "name": "Lookout"
        },
        "support": {
          "name": "Lookout",
          "tier": "Partner",
          "link": "https://www.lookout.com/support"
        }
      }
    },
    {
      "type": "Microsoft.OperationalInsights/workspaces/providers/contentPackages",
      "apiVersion": "2023-04-01-preview",
      "location": "[parameters('workspace-location')]",
      "properties": {
        "version": "3.1.0",
        "kind": "Solution",
        "contentSchemaVersion": "3.0.0",
        "displayName": "Lookout Cloud Security Platform for Microsoft Sentinel",
        "publisherDisplayName": "Lookout",
        "descriptionHtml": "<p><strong>Note:</strong> <em>There may be <a href=\"https://aka.ms/sentinelsolutionsknownissues\">known issues</a> pertaining to this Solution, please refer to them before installing.</em></p>\n<p>The Lookout Cloud Security solution for Microsoft Sentinel enables enterprises to search for Lookout cloud security threats and compliance violations, create custom dashboards and create alerts in Microsoft Sentinel SIEM.</p>\n<p><strong>Data Connectors:</strong> 1, <strong>Parsers:</strong> 3</p>\n<p><a href=\"https://aka.ms/azuresentinel\">Learn more about Microsoft Sentinel</a> | <a href=\"https://aka.ms/azuresentinelsolutionsdoc\">Learn more about Solutions</a></p>\n",
        "contentKind": "Solution",
        "contentProductId": "[variables('_solutioncontentProductId')]",
        "id": "[variables('_solutioncontentProductId')]",
        "icon": "<img src=\"https://raw.githubusercontent.com/Azure/Azure-Sentinel/master/Logos/Azure_Sentinel.svg\" width=\"75px\" height=\"75px\">",
        "contentId": "[variables('_solutionId')]",
        "parentId": "[variables('_solutionId')]",
        "source": {
          "kind": "Solution",
          "name": "Lookout Cloud Security Platform for Microsoft Sentinel",
          "sourceId": "[variables('_solutionId')]"
        },
        "author": {
          "name": "Lookout"
        },
        "support": {
          "name": "Lookout",
          "tier": "Partner",
          "link": "https://www.lookout.com/support"
        },
        "dependencies": {
          "operator": "AND",
          "criteria": [
            {
              "kind": "DataConnector",
              "contentId": "[variables('_dataConnectorContentId1')]",
              "version": "[variables('dataConnectorVersion1')]"
            },
            {
              "kind": "Parser",
              "contentId": "[variables('parserObject1').parserContentId1]",
              "version": "[variables('parserObject1').parserVersion1]"
            },
            {
              "kind": "Parser",
              "contentId": "[variables('parserObject2').parserContentId2]",
              "version": "[variables('parserObject2').parserVersion2]"
            },
            {
              "kind": "Parser",
              "contentId": "[variables('parserObject3').parserContentId3]",
              "version": "[variables('parserObject3').parserVersion3]"
            }
          ]
        },
        "firstPublishDate": "2023-02-17",
        "providers": [
          "Lookout"
        ],
        "categories": {
          "domains": [
            "Security - Cloud Security"
          ]
        }
      },
      "name": "[concat(parameters('workspace'),'/Microsoft.SecurityInsights/', variables('_solutionId'))]"
    }
  ],
  "outputs": {}
}
